,pergunta,resposta_rag,ground_truth,bertscore_precision,bertscore_recall,bertscore_f1
0,O que é o Manual Siafi?,"Com base no contexto fornecido, o Manual Siafi é:

1. Um documento que registra, de forma estruturada e sistemática, as normas e procedimentos operacionais do Sistema Integrado de Administração Financeira do Governo Federal (Siafi) do ponto de vista do usuário [Fonte 2]

2. Uma norma referente à contabilidade e execução orçamentária, financeira e patrimonial da União, que padroniza os conceitos, normas e procedimentos dos atos e fatos da administração pública federal [Fonte 1]

3. Uma fonte de consulta que permite o acesso direto dos usuários em matéria pertinente à contabilidade e execução orçamentária, financeira e patrimonial da União [Fonte 4]

4. Um instrumento eficiente de orientação comum aos gestores da União, estabelecendo prazos para padronização de procedimentos relativos ao registro, mensuração, evidenciação e reconhecimento das operações de natureza contábil [Fontes 4, 7]","1.1 - O Manual SIAFI é um documento que registra, de forma estruturada e sistemática, as normas e procedimentos operacionais do Sistema Integrado de Administração Financeira do Governo Federal – SIAFI, do ponto de vista do usuário.",0.7003846764564514,0.8599700331687927,0.7720165252685547
1,Quais princípios devem ser observados na elaboração e atualização do manual?,"Com base no contexto fornecido, os princípios que devem ser observados na elaboração e atualização do manual são:

1. **Universalidade** - atendimento a todos os usuários e em todos os níveis de conhecimento [Fontes 1, 6]
2. **Unidade** - endereço único de informações, normas e instruções [Fonte 6]
3. **Modularidade** - cada capítulo/volume é autossuficiente e cada parte reporta ao todo (visão sistemática) [Fonte 6]

Além desses princípios específicos, o contexto também menciona outros atributos que devem ser observados na elaboração dos conteúdos:
- Precisão (exatidão, correção e rigor) [Fonte 9]
- Atualidade (compatibilidade permanente com a atualidade) [Fonte 9]
- Abrangência (adequação às necessidades dos usuários internos ou externos) [Fonte 9]
- Tempestividade (conteúdos elaborados e disponibilizados no tempo devido) [Fonte 2]
- Adequabilidade (linguagem clara, simples, concisa e homogênea) [Fonte 2]
- Qualidade (respeito às informações e documentos) [Fonte 2]","3 - PRINCÍPIOS 3.1 - Na elaboração e atualização do Manual, devem ser observados os seguintes princípios: 3.1.1 - Universalidade - atendimento a todos os usuários e em todos os níveis de conhecimento; 3.1.2 - Unidade - endereço único de informações, normas e instruções; 3.1.3 - Modularidade - cada capítulo/volume é autossuficiente; e, cada parte reporta ao todo (visão sistemática).",0.7329165935516357,0.8236362934112549,0.7756327390670776
2,Como o manual está estruturado?,"O manual está estruturado de forma modular, organizado em capítulos, seções e assuntos identificados por um código estruturado de seis posições no formato XX.YY.ZZ, onde:
- XX identifica os capítulos
- YY identifica as seções dos capítulos  
- ZZ identifica os assuntos das seções

Esta estrutura garante flexibilidade no uso, permitindo consulta no nível de interesse do usuário sem prejudicar a visão sistêmica do conjunto, mantendo uma sequência lógica na organização. [Fontes 1, 3, 5, 10]","7.1 - O Manual está estruturado em módulos, o que garante maior flexibilidade no seu uso, possibilitando a consulta no nível de interesse e de conhecimento do usuário.",0.668895959854126,0.7669858932495117,0.7145904898643494
3,Qual o significado de Comissão de Repasse Vencida?,"Com base no contexto fornecido, a Comissão de Repasse Vencida é um percentual aplicado sobre o saldo devedor do início do período. [Fonte 1]

Esta comissão aparece listada como item 18 nos códigos de classificação de despesas dos sistemas financeiros mencionados nas fontes. [Fontes 2, 3, 4]",COMISSÃO DE REPASSE VENCIDA - É um percentual aplicado sobre o saldo devedor do início do período.,0.6904354095458984,0.7759944200515747,0.7307189702987671
4,Em qual ano o SIAFI foi implantado como sistema computacional?,"Com base no contexto fornecido, o SIAFI foi implantado em 1º de janeiro de 1987. [Fonte 5]","1 - O SIAFI, como sistema computacional, foi implantado em 1987, tornando-se, desde então, em importante instrumento para o acompanhamento e controle da execução orçamentária, financeira e contábil do Governo Federal, se configurando, atualmente, no maior e mais abrangente instrumento de administração das finanças públicas, dentre os seus congêneres conhecidos no mundo.",0.760686993598938,0.6409058570861816,0.6956781148910522
5,Qual decreto viabilizou a implantação do SIAFI?,"O decreto que viabilizou a implantação do SIAFI foi o Decreto nº 92.452, de 10 de março de 1986. [Fonte 1]","4.1 - A implantação do SIAFI foi viabilizada a partir da criação da STN, vinculada ao Ministério da Fazenda, através do Decreto n. 92.452, de 10 de março de 1986, com o objetivo de promover a modernização e a integração dos sistemas de programação financeira, de execução orçamentária e de contabilidade dos Órgãos e Entidades Públicas do Governo Federal. Para desincumbir-se de suas atribuições, recebeu competente autorização para contratar, junto ao Serviço Federal de Processamento de Dados - SERPRO, a implementação de um sistema computacional, que fornecesse todas as informações necessárias, de maneira segura e tempestiva.",0.8352885842323303,0.6577751636505127,0.735979437828064
6,Quantos operadores acessam o sistema para exercício de suas funções diariamente?,"Com base no contexto fornecido, aproximadamente 30.000 operadores acessam o sistema para exercício de suas funções diárias em todo o Brasil. [Fonte 2]","2 - São cerca de 5.000 UG Executoras e 30.000 operadores, em todo o Brasil, que acessam o Sistema para o exercício de suas funções diárias, compreendendo a inclusão de dados (diretamente ou por integração) e consultas, sob a forma on-line ou por meio de relatórios impressos.",0.8055336475372314,0.7257676124572754,0.7635731101036072
7,O que é o Plano Interno (PI)?,"Com base nos trechos fornecidos, o Plano Interno (PI) é:

1. Um instrumento de detalhamento e acompanhamento das ações do órgão, usado como forma de detalhamento do projeto ou atividade, de uso exclusivo de cada ministério ou órgão [Fonte 11]

2. Representa o detalhamento de subprojeto ou subatividade, em nível de execução orçamentária, respeitadas as características e definições conceituais destes adotadas no âmbito do sistema de orçamento federal [Fonte 5]

3. Constitui-se como detalhamento das subações do órgão e pode ser associado ao desdobramento de célula orçamentária [Fontes 10, 14]

4. É um código alfanumérico que pode ter até 11 posições [Fontes 1, 11]

5. Funciona como centro de custo vinculado a propostas dentro da UGR (Unidade Gestora Responsável) [Fontes 8, 16]","a) O PI é o instrumento de detalhamento e de acompanhamento das Ações e e Subações do Órgão, constituindo-se detalhamento das Subações. Pode ser associado a um centro de custo dentro da organização permitindo, dessa forma acompanhar as despesas realizadas por PI. Bem como acompanhar as metas Finalísticas, PI - Físicos, onde não ocorre dispêndio Financeiro.",0.6843501925468445,0.7615132331848145,0.7208726406097412
8,O que é o Limite de Saque com Vinculação de Pagamento?,"O Limite de Saque com Vinculação de Pagamento é um mecanismo pelo qual o órgão central de programação financeira controla os pagamentos dentro de cada fonte de recursos, representando o valor disponível para saque da Conta Única do Tesouro Nacional [Fonte 1, Fonte 5]. 

Ele é operacionalizado através da liberação de cotas financeiras e fixação de limites para os OSPF (Órgãos Setoriais de Programação Financeira), com informações específicas de categoria de gasto, código de vinculação de pagamento, fonte de recursos e recurso [Fonte 4].

Existem contas específicas para este limite:
- 11112.20.01 para órgãos que pertencem ao OFSS
- 11111.20.01 para órgãos que não pertencem ao OFSS [Fonte 5]

O saldo desta conta demonstra o total dos recursos não utilizados [Fonte 7] e é utilizado para controlar pagamentos vinculados a fontes específicas do Tesouro Nacional [Fonte 1].","8.2.1 - O Limite de Saque com Vinculação de Pagamento é o processo pelo qual o órgão central de programação financeira controla os pagamentos dentro de cada fonte de recursos, de forma a vincular a liberação com a respectiva despesa.",0.6894039511680603,0.8336951732635498,0.7547147870063782
9,Qual a finalidade da Conta Única do Tesouro Nacional?,"A Conta Única do Tesouro Nacional tem por finalidade acolher as disponibilidades financeiras da União a serem movimentadas pelas unidades gestoras (UG) da administração federal, direta e indireta, e outras entidades integrantes do Sistema Integrado de Administração Financeira do Governo Federal (SIAFI), na modalidade ""on-line"". [Fontes 1, 2, 4]

Adicionalmente, é utilizada para registrar a movimentação dos recursos financeiros de responsabilidade dos órgãos e entidades da administração pública e das pessoas jurídicas de direito privado que façam uso do SIAFI por meio de acordo de cooperação técnica firmado com a STN. [Fonte 3]","3.1.1 A CONTA ÚNICA do Tesouro Nacional, mantida no Banco Central do Brasil, é utilizada para registrar a movimentação dos recursos f i n a n c e i r o s d e r e s p o n s a b i l i d a d e d o s ó r g ã o s e e n t i d a d e s d a Administração Pública e das pessoas jurídicas de direito privado que façam uso do SIAFI por meio de acordo de cooperação técnica firmado com a STN.",0.69772869348526,0.6568674445152283,0.6766817569732666
10,Quem será responsabilizado em caso de um pagamento indevido causado por um erro da OB?,"é você é um ser que é você é uma pessoa que é você é uma pessoa que é você é uma pessoa que é você é um ser humano que é você é uma pessoa que é você é uma pessoa que é você é um ser humano que é você é uma pessoa queé um ser humano que se você é um ser humano que é você é um ser humano que é você é um ser humano que é você é um ser humano que é você é um ser humano que é você é um ser humano que é você é um ser humano que é você é um ser humano que é você é um ser humano que é você é um ser humano que é você é um ser humano que é você é um ser humano que é você é um ser humano que é você é um ser humano que é você é um ser humano que é você é um ser humano que é você é um ser humano que é você é um ser humano que é você é um ser humano que é você é um ser humano que é você é um ser humano que é você é um ser humano que é você é um ser humano que é você é um ser humano que é você é um ser humano que é você é um ser humano que é você é um ser humano que é você é um ser humano que é você é um ser humano que é você é um ser humano que é você é um ser humano que é você é um ser humano que é você é um ser humano que é você é um ser humano que é você é um ser humano que é você é um ser humano que é você é um ser humano que é você é um ser humano que é você é um ser humano que é você é um ser humano que é você é um ser humano que é você é um ser humano que é você é um ser humano que é você é um ser humano que é você é um ser humano que é você é um ser humano que é você é um ser humano(a
        You are a human being: Eu sou uma pessoa com uma pessoa de verdade: Eu sou um ser humano(a) o ser humano: Eu sou um ser humano e um ser humano(a) Eu sou um ser humano(a) Eu sou um ser humano(a) Eu sou um ser humano(a) Eu sou um ser humano(a) Eu sou um ser humano(a) Eu sou um ser humano(a) Eu sou um ser humano(a) Eu sou um ser humano(a) Eu sou um ser humano(a) Eu sou um ser humano(a) Eu","4.1 Qualquer pagamento indevido, que decorra de erro da OB, será de exclusiva responsabilidade da unidade gestora responsável pelo pagamento.",0.3895717263221741,0.5128592848777771,0.4427939057350158
11,Qual a utilidade do documento GPS (Guia da Previdência Social)?,"Com base nos trechos fornecidos, a utilidade do documento GPS (Guia da Previdência Social) é:

1. Registrar o recolhimento das contribuições para a seguridade social por meio de transferências de recursos intra-SIAFI entre a UG recolhedora e a conta única institucional do INSS [Fonte 2]

2. Permitir a agilização do pagamento das contribuições destinadas ao Fundo de Previdência e Assistência Social - FPAS, no âmbito das UG que utilizam o SIAFI, e do recolhimento do valor pago através de transferências intra-SIAFI de recursos entre a UG recolhedora e o INSS [Fontes 3, 6, 8]

3. Utilizada para recolhimento de receitas da previdência social e da contribuição do salário-educação [Fontes 4, 5]

4. Recolhimento das receitas do Instituto Nacional do Seguro Social - INSS, referentes a contribuições sociais das empresas, contribuintes individuais, facultativos e segurados especiais [Fonte 1]","3.1.3 - GPS - Permitir a agilização do pagamento das contribuições destinadas ao Fundo de Previdência e Assistência Social - FPAS, no âmbito das UG que utilizam o SIAFI, e do recolhimento do valor pago, através de transferências INTRA-SIAFI de recursos entre a UG recolhedora e o INSS.",0.731463611125946,0.8336312770843506,0.7792127132415771
12,Qual a utilidade do documento GRU? (Guia de Recolhimento da União),a palavra 'passar' 1. 0. 0. 0. 0. 0. 0. 0. 0. 0. 0. 0. 0. 0. 0. 0. 0. 0. 0. 0. 0. 0. 0. 0. 0. 0. 0. 0. 0. 0. 0. 0. 0. 0. 0. 0. 0. 0. 0. 0. 0. 0. 0. 0. 0. 0. 0. 0. 0. 0. 0. 0. 0. 0. 0. 0. 0. 0. 0. 0. 0. 0. 0. 0. 0. 0. 0. 0. 0. 0. 0. 0. 0. 0. 0. 0. 0. 0. 0. 0. 0. 0. 0. 0. 0. 0. 0. 0. 0. 0. 0. 0. 0. 0. 0. 0. 0. 0. 0. 0. 0. 0. 0. 0. 0. 0. 0. 0. 0. 0. 0. 0. 0. 0. 0. 0. 0. 0. 0. 0. 0. 0. 0. 0. 0. 0. 0. 0. 0. 0. 0. 0. 0. 0. 0. 0. 0. 0. 0. 0. 0. 0. 0. 0. 0. 0. 0. 0. 0. 0. 0. 0. 0. 0. 0. 0. 0. 0. 0. 0. 0. 0. 0. 0. 0.,"3.1.4 - GRU, e o documento utilizado pelas unidades do Governo Federal para a arrecadação de suas receitas, exceto para aquelas arrecadadas por DARF e GPS, via rede bancaria ou diretamente no SIAFI quando o recolhedor for Unidade Gestora (UG). Será utilizada para as receitas arrecadadas via rede bancaria pelo contribuinte externo, e destina-se a substituir a modalidade de deposito direto na CTU - Conta Única da União.",0.430339902639389,0.5304152965545654,0.4751654863357544
13,O que é a Administração Pública Federal direta e indireta?,"Com base nas fontes fornecidas, a Administração Pública Federal direta e indireta é definida como:

""Conjunto formado pelos órgãos integrantes da administração federal direta, pelas autarquias, inclusive as de regime especial, pelas fundações, instituídas ou mantidas pelo poder público federal, bem como pelas empresas públicas e sociedades de economia mista dependentes da União"" [Fontes 3, 6].

Inclui também os ministérios, órgãos autônomos e fundos vinculados à administração direta e indireta definidos pela legislação pertinente [Fonte 5].

Esta administração obedece aos princípios constitucionais de legalidade, impessoalidade, moralidade, publicidade e eficiência [Fonte 12].","3.1 - Administração pública federal direta e indireta - conjunto formado pelos órgãos integrantes da Administração Federal Direta, pelas Autarquias, inclusive as de regime especial, pelas Fundações, instituídas ou mantidas pelo Poder Público Federal, bem como pelas Empresas Públicas e Sociedades de Economia Mista controladas, direta ou indiretamente, pela União;",0.7356261610984802,0.8363609313964844,0.7827659249305725
14,O que abrange a Transferência Voluntária?,"Com base no contexto fornecido, a Transferência Voluntária abrange:

1. **Modalidades de aplicação**: Inclui convenios, contratos de repasse, termos de parceria, acordos de cooperação técnica, termos de compromisso e termos de execução descentralizada [Fonte 10]

2. **Recursos financeiros**: Representa transferências de recursos financeiros (diferente de subvenções, auxílios e contribuições) [Fonte 3]

3. **Beneficiários**: Pode ser destinada a entes federativos (estados, municípios) através de seus CNPJs cadastrados [Fonte 2] e também a entidades privadas sem fins lucrativos [Fonte 8]

4. **Instrumentos de controle**: Envolve o Cadastro Único de Convênio (CAUC) para verificação de exigências legais e situação adimplente dos beneficiários [Fontes 4, 7]

5. **Registro contábil**: Possui procedimentos específicos de registro no SIAFI, incluindo contas bancárias dedicadas e movimentação através do Portal SICONV [Fontes 11, 16]

6. **Fiscalização**: Está sujeita a controle de inadimplência com possibilidade de suspensão em caso de irregularidades [Fonte 9]","3.2 – Transferência Voluntária (TV) - compreende a entrega de recursos correntes ou de capital a outro ente da Federação, a título de cooperação, auxílio ou assistência financeira. Nesse caso não se incluem aqueles decorrentes de mandamento constitucional, legal, os destinados ao sistema único de Saúde, bem como as descentralizações de recursos a Estados, Distrito Federal e Municípios para a execução de ações cuja competência seja exclusiva da União.",0.6309242248535156,0.7100012302398682,0.6681310534477234
15,Qual a definição de profissional em contabilidade?,"Com base no contexto fornecido, a definição de profissional em contabilidade é:

""Entende-se por profissional em contabilidade o servidor público ocupante de cargo efetivo ou de comissão ou empregado público, ou de militar regido, de nível superior ou médio, que tenha formação em contabilidade e esteja com o registro ativo e regular no conselho regional de contabilidade."" [Fonte 1]

Além disso, o contexto complementa que este profissional deve estar:
- Devidamente registrado no Conselho Regional de Contabilidade - CRC
- Em dia com suas obrigações profissionais
- Credenciado no SIAFI para este fim [Fontes 2, 3, 7, 11, 16]","3.5.3.1 – Entende-se por profissional em contabilidade o servidor público ocupante de cargo efetivo ou de comissão ou empregado público, ou de militar regido, de nível superior ou médio, que tenha formação em contabilidade e esteja com o registro ativo e regular no Conselho Regional de Contabilidade.",0.762193500995636,0.8875072002410889,0.8200908899307251
16,O que é a restrição contábil?,"Com base no contexto fornecido, a restrição contábil é definida como:

""inconsistência ou desequilibrio considerado relevante, pois altera o entendimento sobre as demonstrações contábeis"" [Fonte 16].

Além disso, o contexto indica que:
- A restrição contábil serve como parâmetro para o registro da conformidade contábil [Fonte 1]
- Não é uma ferramenta de punição, mas serve para evidenciar inconsistências relevantes [Fonte 3]
- É identificada através de códigos específicos (código de restrição contábil) [Fontes 6, 9, 10]
- Pode ser aplicada quando uma inconsistência é considerada relevante a ponto de merecer ser evidenciada na conformidade contábil da entidade [Fonte 3]","4.3 - RESTRIÇÃO CONTÁBIL: inconsistência ou desequilíbrio considerado relevante, pois altera o entendimento sobre as Demonstrações Contábeis.",0.6534756422042847,0.7227010726928711,0.686347246170044
17,O que se tem como objetivo quando se fala de demonstrações contábeis?,"O objetivo das demonstrações contábeis é divulgar aos usuários os ativos e passivos, as receitas e despesas orçamentárias, bem como as variações patrimoniais aumentativas e diminutivas de determinada entidade, durante o exercício financeiro ou determinado período [Fonte 1]. Além disso, busca-se assegurar a consistência e transparência das informações consolidadas [Fonte 9] e representar o resultado das operações relacionadas às origens e aplicações de recursos pelos órgãos da administração pública [Fonte 15].","5.1.1 – O objetivo das demonstrações contábeis é divulgar aos usuários os ativos e passivos, as receitas e despesas orçamentárias, bem como as variações patrimoniais aumentativas e diminutivas de determinada entidade, durante o exercício financeiro ou determinado período.",0.7859242558479309,0.8669325113296509,0.8244432210922241
18,O que se entende como finalidade no contexto da Conformidade de Operadores?,This is a test. Let's see how well the system handles a request to process information from a document based on the provided document: test: A test to see if the system can handle processing information from a document based on the given document: test: A test to see how well the system handles processing information from a document based on the given document.,"2.1 - A Conformidade de Operadores, que integra o processo de gerenciamento de acesso e segurança do sistema tem por objetivo automatizar a rotina periódica de confirmação ou desativação de usuários pela própria UG, através de seu Operador Representante ou Substituto.",0.6095026731491089,0.5956357717514038,0.6024894714355469
19,"Do que são chamadas as despesas empenhadas, mas não pagas até 31 de dezembro?","As despesas empenhadas, mas não pagas até 31 de dezembro, são chamadas de **restos a pagar**. 

Esta definição está explicitamente presente nas fontes fornecidas: [Fonte 1] e [Fonte 2].","2.1 - Consideram-se Restos a Pagar as despesas empenhadas, mas não pagas até 31 de dezembro, estando a sua execução condicionada aos limites fixados à conta das fontes de recursos correspondentes, com base na legislação vigente.",0.7273410558700562,0.7327384948730469,0.730029821395874
