pergunta,resposta_rag,ground_truth,bertscore_precision,bertscore_recall,bertscore_f1
Quem será responsabilizado em caso de um pagamento indevido causado por um erro da OB?,"i. This is the case in the ""pupa"" in the ""pupa"" : 1.1.1.1.1.1.1.1.1.1.1.1.1.1.1.1.1.1.1.1.1.1.1.1.1.1.1.1.1.1.1.1.1.1.1.1.1.1.1.1.1.1.1.1.1.1.1.1.1.1.1.1.1.1.1.1.1.1.1.1.1.1.1.1.1.1.1.1.1.1.1.1.1.1.1.1.1.1.1.1.1.1.1.1.1.1.1.1.1.1.1.1.1.1.1.1.1.1.1.1.1.1.1.1.1.1.1.1.1.1.1.1.1.1.1.1.1.1.1.1.1.1.1.1.1.1.1.1.1.1.1.1.1.1.1.1.1.1.1.1.1.1.1.1.1.1.1.1.1.1.1.1.1.1.1.1.1.1.1.1.1.1.1.1.1.1.1.1.1.1.1.1.1.1.1.1.1.1.1.1.1.1.1.1.1.1.1.1.1.1.1.1.1.1.1.1.1.1.1.1.1.1.1.1.1.1.1.1.1.1.1.1.1.1.1.1.1.1.1.1.1.1.1.1.1.1.1.1.1.1.1.1.1.1.1.1.1.1.1.1.1","4.1 Qualquer pagamento indevido, que decorra de erro da OB, será de exclusiva responsabilidade da unidade gestora responsável pelo pagamento.",0.347057044506073,0.5552904605865479,0.42714688181877136
Qual a utilidade do documento GRU? (Guia de Recolhimento da União),"A Guia de Recolhimento da União (GRU) é um documento padronizado utilizado para:

1. Ingresso de valores na conta única do Tesouro Nacional [Fontes 2, 3, 5]
2. Pagamentos entre unidades da administração pública federal que utilizam o SIAFI [Fontes 2, 5]
3. Arrecadação de receitas das unidades do governo federal [Fontes 5, 8]
4. Recolhimento de todas as receitas, depósitos e devoluções para órgãos, fundos, autarquias, fundações e demais entidades integrantes do orçamento fiscal e da seguridade social [Fonte 7]

A GRU substitui o depósito direto na conta única e tem como objetivos reduzir custos com despesas bancárias e oferecer maior controle e transparência na classificação das receitas [Fonte 5].","3.1.4 - GRU, e o documento utilizado pelas unidades do Governo Federal para a arrecadação de suas receitas, exceto para aquelas arrecadadas por DARF e GPS, via rede bancaria ou diretamente no SIAFI quando o recolhedor for Unidade Gestora (UG). Será utilizada para as receitas arrecadadas via rede bancaria pelo contribuinte externo, e destina-se a substituir a modalidade de deposito direto na CTU - Conta Única da União.",0.7034412622451782,0.7400717735290527,0.7212917804718018
O que se entende como finalidade no contexto da Conformidade de Operadores?,"Com base no contexto fornecido, a finalidade da Conformidade de Operadores é automatizar a rotina periódica de confirmação ou desativação de usuários pela própria Unidade Gestora (UG), através de seu operador representante ou substituto, integrando o processo de gerenciamento de acesso e segurança do sistema SIAFI. [Fonte 2]","2.1 - A Conformidade de Operadores, que integra o processo de gerenciamento de acesso e segurança do sistema tem por objetivo automatizar a rotina periódica de confirmação ou desativação de usuários pela própria UG, através de seu Operador Representante ou Substituto.",0.825424313545227,0.8637855052947998,0.8441693186759949
