pergunta,resposta,exact_match,f1_score,precision@5,recall@5
O que é o Manual Siafi?,"Com base no contexto fornecido, o Manual Siafi é:

1. Um documento que registra, de forma estruturada e sistemática, as normas e procedimentos operacionais do Sistema Integrado de Administração Financeira do Governo Federal (Siafi) do ponto de vista do usuário [Fonte 2]

2. Uma norma referente à contabilidade e execução orçamentária, financeira e patrimonial da União, que padroniza os conceitos, normas e procedimentos dos atos e fatos da administração pública federal [Fonte 1]

3. Uma fonte de consulta que permite o acesso direto dos usuários em matéria pertinente à contabilidade e execução orçamentária, financeira e patrimonial da União [Fonte 4]

4. Um instrumento eficiente de orientação comum aos gestores da União, estabelecendo prazos para padronização de procedimentos relativos ao registro, mensuração, evidenciação e reconhecimento das operações de natureza contábil [Fontes 4, 7]",0,0.4047619047619047,0.0,0.0
Quais princípios devem ser observados na elaboração e atualização do manual?,"Com base no contexto fornecido, os princípios que devem ser observados na elaboração e atualização do manual são:

1. **Universalidade** - atendimento a todos os usuários e em todos os níveis de conhecimento [Fontes 1, 6]
2. **Unidade** - endereço único de informações, normas e instruções [Fonte 6]
3. **Modularidade** - cada capítulo/volume é autossuficiente e cada parte reporta ao todo (visão sistemática) [Fonte 6]

Além desses princípios específicos, o contexto também menciona outros atributos que devem ser observados na elaboração dos conteúdos:
- Precisão (exatidão, correção e rigor) [Fonte 9]
- Atualidade (compatibilidade permanente com a atualidade) [Fonte 9]
- Abrangência (adequação às necessidades dos usuários internos ou externos) [Fonte 9]
- Tempestividade (conteúdos elaborados e disponibilizados no tempo devido) [Fonte 2]
- Adequabilidade (linguagem clara, simples, concisa e homogênea) [Fonte 2]
- Qualidade (respeito às informações e documentos) [Fonte 2]",0,0.5081081081081081,0.0,0.0
Como o manual está estruturado?,"O manual está estruturado de forma modular, organizado em capítulos, seções e assuntos identificados por um código estruturado de seis posições no formato XX.YY.ZZ, onde:
- XX identifica os capítulos
- YY identifica as seções dos capítulos  
- ZZ identifica os assuntos das seções

Esta estrutura garante flexibilidade no uso, permitindo consulta no nível de interesse do usuário sem prejudicar a visão sistêmica do conjunto, mantendo uma sequência lógica na organização. [Fontes 1, 3, 5, 10]",0,0.38,0.0,0.0
Qual o significado de Comissão de Repasse Vencida?,"Com base no contexto fornecido, a Comissão de Repasse Vencida é um percentual aplicado sobre o saldo devedor do início do período. [Fonte 1]

Esta comissão aparece listada como item 18 nos códigos de classificação de despesas dos sistemas financeiros mencionados nas fontes. [Fontes 2, 3, 4]",0,0.5079365079365079,0.0,0.0
Em qual ano o SIAFI foi implantado como sistema computacional?,"Com base no contexto fornecido, o SIAFI foi implantado em 1º de janeiro de 1987. [Fonte 5]",0,0.23529411764705882,0.0,0.0
Qual decreto viabilizou a implantação do SIAFI?,"O decreto que viabilizou a implantação do SIAFI foi o Decreto nº 92.452, de 10 de março de 1986. [Fonte 1]",0,0.2608695652173913,0.0,0.0
Quantos operadores acessam o sistema para exercício de suas funções diariamente?,"Com base no contexto fornecido, aproximadamente 30.000 operadores acessam o sistema para exercício de suas funções diárias em todo o Brasil. [Fonte 2]",0,0.46376811594202894,0.0,0.0
O que é o Plano Interno (PI)?,"Com base nos trechos fornecidos, o Plano Interno (PI) é:

1. Um instrumento de detalhamento e acompanhamento das ações do órgão, usado como forma de detalhamento do projeto ou atividade, de uso exclusivo de cada ministério ou órgão [Fonte 11]

2. Representa o detalhamento de subprojeto ou subatividade, em nível de execução orçamentária, respeitadas as características e definições conceituais destes adotadas no âmbito do sistema de orçamento federal [Fonte 5]

3. Constitui-se como detalhamento das subações do órgão e pode ser associado ao desdobramento de célula orçamentária [Fontes 10, 14]

4. É um código alfanumérico que pode ter até 11 posições [Fontes 1, 11]

5. Funciona como centro de custo vinculado a propostas dentro da UGR (Unidade Gestora Responsável) [Fontes 8, 16]",0,0.3615819209039548,0.0,0.0
O que é o Limite de Saque com Vinculação de Pagamento?,"O Limite de Saque com Vinculação de Pagamento é um mecanismo pelo qual o órgão central de programação financeira controla os pagamentos dentro de cada fonte de recursos, representando o valor disponível para saque da Conta Única do Tesouro Nacional [Fonte 1, Fonte 5]. 

Ele é operacionalizado através da liberação de cotas financeiras e fixação de limites para os OSPF (Órgãos Setoriais de Programação Financeira), com informações específicas de categoria de gasto, código de vinculação de pagamento, fonte de recursos e recurso [Fonte 4].

Existem contas específicas para este limite:
- 11112.20.01 para órgãos que pertencem ao OFSS
- 11111.20.01 para órgãos que não pertencem ao OFSS [Fonte 5]

O saldo desta conta demonstra o total dos recursos não utilizados [Fonte 7] e é utilizado para controlar pagamentos vinculados a fontes específicas do Tesouro Nacional [Fonte 1].",0,0.3563218390804597,0.0,0.0
Qual a finalidade da Conta Única do Tesouro Nacional?,"A Conta Única do Tesouro Nacional tem por finalidade acolher as disponibilidades financeiras da União a serem movimentadas pelas unidades gestoras (UG) da administração federal, direta e indireta, e outras entidades integrantes do Sistema Integrado de Administração Financeira do Governo Federal (SIAFI), na modalidade ""on-line"". [Fontes 1, 2, 4]

Adicionalmente, é utilizada para registrar a movimentação dos recursos financeiros de responsabilidade dos órgãos e entidades da administração pública e das pessoas jurídicas de direito privado que façam uso do SIAFI por meio de acordo de cooperação técnica firmado com a STN. [Fonte 3]",0,0.46560846560846564,0.0,0.0
Quem será responsabilizado em caso de um pagamento indevido causado por um erro da OB?,"é você é um ser que é você é uma pessoa que é você é uma pessoa que é você é uma pessoa que é você é um ser humano que é você é uma pessoa que é você é uma pessoa que é você é um ser humano que é você é uma pessoa queé um ser humano que se você é um ser humano que é você é um ser humano que é você é um ser humano que é você é um ser humano que é você é um ser humano que é você é um ser humano que é você é um ser humano que é você é um ser humano que é você é um ser humano que é você é um ser humano que é você é um ser humano que é você é um ser humano que é você é um ser humano que é você é um ser humano que é você é um ser humano que é você é um ser humano que é você é um ser humano que é você é um ser humano que é você é um ser humano que é você é um ser humano que é você é um ser humano que é você é um ser humano que é você é um ser humano que é você é um ser humano que é você é um ser humano que é você é um ser humano que é você é um ser humano que é você é um ser humano que é você é um ser humano que é você é um ser humano que é você é um ser humano que é você é um ser humano que é você é um ser humano que é você é um ser humano que é você é um ser humano que é você é um ser humano que é você é um ser humano que é você é um ser humano que é você é um ser humano que é você é um ser humano que é você é um ser humano que é você é um ser humano que é você é um ser humano que é você é um ser humano que é você é um ser humano que é você é um ser humano que é você é um ser humano(a
        You are a human being: Eu sou uma pessoa com uma pessoa de verdade: Eu sou um ser humano(a) o ser humano: Eu sou um ser humano e um ser humano(a) Eu sou um ser humano(a) Eu sou um ser humano(a) Eu sou um ser humano(a) Eu sou um ser humano(a) Eu sou um ser humano(a) Eu sou um ser humano(a) Eu sou um ser humano(a) Eu sou um ser humano(a) Eu sou um ser humano(a) Eu sou um ser humano(a) Eu",0,0.00816326530612245,0.0,0.0
Qual a utilidade do documento GPS (Guia da Previdência Social)?,"Com base nos trechos fornecidos, a utilidade do documento GPS (Guia da Previdência Social) é:

1. Registrar o recolhimento das contribuições para a seguridade social por meio de transferências de recursos intra-SIAFI entre a UG recolhedora e a conta única institucional do INSS [Fonte 2]

2. Permitir a agilização do pagamento das contribuições destinadas ao Fundo de Previdência e Assistência Social - FPAS, no âmbito das UG que utilizam o SIAFI, e do recolhimento do valor pago através de transferências intra-SIAFI de recursos entre a UG recolhedora e o INSS [Fontes 3, 6, 8]

3. Utilizada para recolhimento de receitas da previdência social e da contribuição do salário-educação [Fontes 4, 5]

4. Recolhimento das receitas do Instituto Nacional do Seguro Social - INSS, referentes a contribuições sociais das empresas, contribuintes individuais, facultativos e segurados especiais [Fonte 1]",0,0.48888888888888893,0.0,0.0
Qual a utilidade do documento GRU? (Guia de Recolhimento da União),a palavra 'passar' 1. 0. 0. 0. 0. 0. 0. 0. 0. 0. 0. 0. 0. 0. 0. 0. 0. 0. 0. 0. 0. 0. 0. 0. 0. 0. 0. 0. 0. 0. 0. 0. 0. 0. 0. 0. 0. 0. 0. 0. 0. 0. 0. 0. 0. 0. 0. 0. 0. 0. 0. 0. 0. 0. 0. 0. 0. 0. 0. 0. 0. 0. 0. 0. 0. 0. 0. 0. 0. 0. 0. 0. 0. 0. 0. 0. 0. 0. 0. 0. 0. 0. 0. 0. 0. 0. 0. 0. 0. 0. 0. 0. 0. 0. 0. 0. 0. 0. 0. 0. 0. 0. 0. 0. 0. 0. 0. 0. 0. 0. 0. 0. 0. 0. 0. 0. 0. 0. 0. 0. 0. 0. 0. 0. 0. 0. 0. 0. 0. 0. 0. 0. 0. 0. 0. 0. 0. 0. 0. 0. 0. 0. 0. 0. 0. 0. 0. 0. 0. 0. 0. 0. 0. 0. 0. 0. 0. 0. 0. 0. 0. 0. 0. 0. 0.,0,0.008547008547008546,0.0,0.0
O que é a Administração Pública Federal direta e indireta?,"Com base nas fontes fornecidas, a Administração Pública Federal direta e indireta é definida como:

""Conjunto formado pelos órgãos integrantes da administração federal direta, pelas autarquias, inclusive as de regime especial, pelas fundações, instituídas ou mantidas pelo poder público federal, bem como pelas empresas públicas e sociedades de economia mista dependentes da União"" [Fontes 3, 6].

Inclui também os ministérios, órgãos autônomos e fundos vinculados à administração direta e indireta definidos pela legislação pertinente [Fonte 5].

Esta administração obedece aos princípios constitucionais de legalidade, impessoalidade, moralidade, publicidade e eficiência [Fonte 12].",0,0.6330935251798562,0.0,0.0
O que abrange a Transferência Voluntária?,"Com base no contexto fornecido, a Transferência Voluntária abrange:

1. **Modalidades de aplicação**: Inclui convenios, contratos de repasse, termos de parceria, acordos de cooperação técnica, termos de compromisso e termos de execução descentralizada [Fonte 10]

2. **Recursos financeiros**: Representa transferências de recursos financeiros (diferente de subvenções, auxílios e contribuições) [Fonte 3]

3. **Beneficiários**: Pode ser destinada a entes federativos (estados, municípios) através de seus CNPJs cadastrados [Fonte 2] e também a entidades privadas sem fins lucrativos [Fonte 8]

4. **Instrumentos de controle**: Envolve o Cadastro Único de Convênio (CAUC) para verificação de exigências legais e situação adimplente dos beneficiários [Fontes 4, 7]

5. **Registro contábil**: Possui procedimentos específicos de registro no SIAFI, incluindo contas bancárias dedicadas e movimentação através do Portal SICONV [Fontes 11, 16]

6. **Fiscalização**: Está sujeita a controle de inadimplência com possibilidade de suspensão em caso de irregularidades [Fonte 9]",0,0.21800947867298578,0.0,0.0
Qual a definição de profissional em contabilidade?,"Com base no contexto fornecido, a definição de profissional em contabilidade é:

""Entende-se por profissional em contabilidade o servidor público ocupante de cargo efetivo ou de comissão ou empregado público, ou de militar regido, de nível superior ou médio, que tenha formação em contabilidade e esteja com o registro ativo e regular no conselho regional de contabilidade."" [Fonte 1]

Além disso, o contexto complementa que este profissional deve estar:
- Devidamente registrado no Conselho Regional de Contabilidade - CRC
- Em dia com suas obrigações profissionais
- Credenciado no SIAFI para este fim [Fontes 2, 3, 7, 11, 16]",0,0.6338028169014084,0.0,0.0
